,Date,YHOO-Open,YHOO-High,YHOO-Low,YHOO-Close,YHOO-Adj_Close,YHOO-Volume,Nasdaq-Open,Nasdaq-High,Nasdaq-Low,Nasdaq-Close,Nasdaq-Volume,sp500-Open,sp500-High,sp500-Low,sp500-Close,sp500-Volume,DJ30-Open,DJ30-High,DJ30-Low,DJ30-Close,DJ30-Volume
0,12/30/16,38.720001,39,38.43,38.669998,38.669998,6431600,5440.169922,5441.899902,5371.890137,5383.120117,1550820000,2251.610107,2253.580078,2233.620117,2238.830078,2670900000,19833.16992,19852.55078,19718.66992,19762.59961,271910000
1,12/29/16,38.759998,38.93,38.48,38.639999,38.639999,4170200,5437.509766,5450.629883,5415.180176,5432.089844,1264480000,2249.5,2254.51001,2244.560059,2249.26001,2336370000,19835.46094,19878.43945,19788.93945,19819.7793,172040000
2,12/28/16,39.119999,39.220001,38.709999,38.73,38.73,4393500,5497.439941,5498.910156,5434.700195,5438.560059,1322130000,2270.22998,2271.310059,2249.110107,2249.919922,2392360000,19964.31055,19981.10938,19827.31055,19833.67969,188350000
3,12/27/16,38.59,39.07,38.5,38.919998,38.919998,4240300,5470.759766,5512.370117,5469.609863,5487.439941,1216870000,2266.22998,2273.820068,2266.149902,2268.879883,1987080000,19943.46094,19980.24023,19939.80078,19945.03906,158540000
4,12/23/16,38.459999,38.810001,38.369999,38.66,38.66,3840100,5441.759766,5462.689941,5441.759766,5462.689941,1144280000,2260.25,2263.790039,2258.840088,2263.790039,2020550000,19908.60938,19934.15039,19899.06055,19933.81055,158260000
5,12/22/16,38.689999,38.790001,38.259998,38.5,38.5,11685600,5472.009766,5472.009766,5432.77002,5447.419922,1582600000,2262.929932,2263.179932,2256.080078,2260.959961,2876320000,19922.67969,19933.83008,19882.18945,19918.88086,258290000
6,12/21/16,39.080002,39.32,38.970001,39.150002,39.150002,8263600,5482.629883,5486.259766,5465.310059,5471.430176,1493900000,2270.540039,2271.22998,2265.149902,2265.179932,2852230000,19968.9707,19986.56055,19941.96094,19941.96094,256640000
7,12/20/16,38.400002,39.18,38.240002,39.16,39.16,15007900,5473.529785,5489.470215,5471.709961,5483.939941,1678040000,2266.5,2272.560059,2266.139893,2270.76001,3298780000,19920.58984,19987.63086,19920.41992,19974.61914,284080000
8,12/19/16,38.66,38.790001,38.27,38.419998,38.419998,13607200,5441.200195,5483.419922,5436.540039,5457.439941,1685800000,2259.23999,2267.469971,2258.209961,2262.530029,3248370000,19836.66016,19917.7793,19832.94922,19883.06055,302310000
9,12/16/16,38.619999,39.220001,38.419998,38.610001,38.610001,21447400,5467.819824,5474.580078,5426.009766,5437.160156,3257750000,2266.810059,2268.050049,2254.23999,2258.070068,5920340000,19909.00977,19923.16992,19821,19843.41016,573470000
10,12/15/16,40,40,38.25,38.41,38.41,43656200,5443.509766,5485.120117,5439.390137,5456.850098,2095910000,2253.77002,2272.120117,2253.77002,2262.030029,4168200000,19811.5,19951.28906,19811.5,19852.24023,357350000
11,12/14/16,41.439999,41.529999,40.830002,40.91,40.91,19296600,5465.689941,5476.25,5425.72998,5436.669922,1974150000,2268.350098,2276.199951,2248.439941,2253.280029,4406970000,19876.13086,19966.42969,19748.66992,19792.5293,408430000
12,12/13/16,41.349998,41.790001,41.139999,41.470001,41.470001,6500400,5433.569824,5486.75,5430.720215,5463.830078,2085710000,2263.320068,2277.530029,2263.320068,2271.719971,3857590000,19852.21094,19953.75,19846.44922,19911.21094,388420000
13,12/12/16,41.450001,41.529999,41.130001,41.299999,41.299999,4451500,5428.220215,5434.899902,5394.419922,5412.540039,1927560000,2258.830078,2264.030029,2252.370117,2256.959961,4034510000,19770.19922,19824.58984,19747.74023,19796.42969,333660000
14,12/9/16,41.52,41.799999,41.439999,41.759998,41.759998,6836000,5436.109863,5450.160156,5427.120117,5444.5,2038700000,2249.72998,2259.800049,2249.22998,2259.530029,3884480000,19631.34961,19757.74023,19623.18945,19756.84961,334470000
15,12/8/16,40.66,41.599998,40.419998,41.41,41.41,9169400,5394.149902,5425.52002,5389.100098,5417.359863,2231070000,2241.129883,2251.689941,2237.570068,2246.189941,4200580000,19559.93945,19664.9707,19527.83008,19614.81055,324570000
16,12/7/16,39.98,40.57,39.75,40.52,40.52,7199000,5322.669922,5397.930176,5307.310059,5393.759766,2122590000,2210.719971,2241.629883,2208.929932,2241.350098,4501820000,19241.99023,19558.41992,19229.83008,19549.61914,385200000
17,12/6/16,40.310001,40.419998,39.880001,39.970001,39.970001,6943800,5317.740234,5333.990234,5299.939941,5333,1974850000,2207.26001,2212.780029,2202.209961,2212.22998,3855320000,19219.91016,19255.89063,19184.74023,19251.7793,284960000
18,12/5/16,40.02,40.389999,39.849998,40.200001,40.200001,4401700,5283.580078,5321.089844,5269.569824,5308.890137,1798160000,2200.649902,2209.419922,2199.969971,2204.709961,3895230000,19244.34961,19274.84961,19186.73047,19216.24023,317800000
19,12/2/16,39.77,40.32,39.580002,40.07,40.07,8568100,5249.02002,5274.540039,5239.27002,5255.649902,1848930000,2191.120117,2197.949951,2188.370117,2191.949951,3779500000,19161.25,19196.14063,19141.17969,19170.41992,84920000
20,12/1/16,41,41.040001,39.529999,39.630001,39.630001,12614600,5323.879883,5326.339844,5238.209961,5251.109863,2264960000,2200.169922,2202.600098,2187.439941,2191.080078,5063740000,19149.19922,19214.30078,19138.78906,19191.92969,108800000
21,11/30/16,41.619999,41.669998,40.880001,41.02,41.02,7624500,5391.350098,5393.149902,5323.680176,5323.680176,2064430000,2204.969971,2214.100098,2198.810059,2198.810059,5533980000,19135.64063,19225.28906,19123.38086,19123.58008,164570000
22,11/29/16,41.43,41.830002,41.119999,41.599998,41.599998,7246100,5370.97998,5403.859863,5360.560059,5379.919922,1788790000,2200.76001,2210.459961,2198.149902,2204.659912,3706560000,19064.07031,19144.40039,19062.2207,19121.59961,81510000
23,11/28/16,40.849998,41.700001,40.740002,41.450001,41.450001,6765800,5387.919922,5396.27002,5364.910156,5368.810059,1625620000,2210.209961,2211.139893,2200.360107,2201.719971,3505650000,19122.14063,19138.7207,19072.25,19097.90039,88460000
24,11/25/16,41.080002,41.080002,40.709999,40.869999,40.869999,2586900,5388.490234,5398.919922,5379.279785,5398.919922,768070000,2206.27002,2213.350098,2206.27002,2213.350098,1584600000,19093.7207,19152.14063,19093.7207,19152.14063,45890000
25,11/23/16,40.91,40.98,40.549999,40.959999,40.959999,3634900,5366.549805,5380.680176,5350.680176,5380.680176,1616740000,2198.550049,2204.719971,2194.51001,2204.719971,3418640000,19015.51953,19083.75977,19000.38086,19083.17969,77880000
26,11/22/16,41.200001,41.400002,40.830002,41.009998,41.009998,8881200,5384.75,5392.259766,5365.600098,5386.350098,1886800000,2201.560059,2204.800049,2194.51001,2202.939941,3957940000,18970.39063,19043.90039,18962.82031,19023.86914,85310000
27,11/21/16,41.439999,41.48,40.939999,41.110001,41.110001,11338000,5336.779785,5369.830078,5334.160156,5368.859863,1745320000,2186.429932,2198.699951,2186.429932,2198.179932,3607010000,18898.67969,18960.75977,18883.09961,18956.68945,80520000
28,11/18/16,41.48,41.650002,40.900002,41.189999,41.189999,8129700,5340.970215,5346.799805,5315.529785,5321.509766,1858610000,2186.850098,2189.889893,2180.379883,2181.899902,3572400000,18905.33008,18915.74023,18853.83008,18867.92969,109880000
29,11/17/16,41.34,41.650002,41.200001,41.450001,41.450001,8689300,5295.069824,5334.049805,5288.160156,5333.970215,2081760000,2178.610107,2188.060059,2176.649902,2187.120117,3809160000,18866.2207,18904.0293,18845.26953,18903.82031,89940000
30,11/16/16,40.099998,41.049999,40.099998,40.98,40.98,15592700,5253.740234,5299.629883,5251.879883,5294.580078,2057140000,2177.530029,2179.219971,2172.199951,2176.939941,3830590000,18909.84961,18909.84961,18825.89063,18868.14063,87320000
31,11/15/16,39.610001,40.450001,39.580002,40.209999,40.209999,10851400,5241.350098,5287.060059,5236.25,5275.620117,2156500000,2168.290039,2180.840088,2166.379883,2180.389893,4543860000,18858.21094,18925.25977,18806.06055,18923.06055,100660000
32,11/14/16,40.360001,40.389999,38.869999,39.299999,39.299999,12687400,5246.330078,5247.169922,5192.049805,5218.399902,2369190000,2165.639893,2171.360107,2156.080078,2164.199951,5367200000,18876.76953,18934.05078,18815.75,18868.68945,112250000
33,11/11/16,39.84,40.52,39.369999,40.419998,40.419998,15178200,5191.819824,5241.080078,5179.640137,5237.109863,2285050000,2162.709961,2165.919922,2152.48999,2164.449951,4988050000,18781.65039,18855.7793,18736.96094,18847.66016,107300000
34,11/10/16,41.549999,41.650002,39.540001,40.16,40.16,16441900,5283.47998,5302.680176,5145.319824,5208.799805,2984360000,2167.48999,2182.300049,2151.169922,2167.47998,6451640000,18603.14063,18873.66016,18603.14063,18807.88086,164390000
35,11/9/16,40.439999,41.389999,40.220001,41.209999,41.209999,23998600,5143.859863,5258.990234,5143.859863,5251.069824,2824560000,2131.560059,2170.100098,2125.350098,2163.26001,6264150000,18317.25977,18650.06055,18252.55078,18589.68945,173110000
36,11/8/16,40.970001,41.279999,40.68,41.16,41.16,4227100,5154.990234,5214.169922,5145.299805,5193.490234,1736100000,2129.919922,2146.870117,2123.560059,2139.560059,3916930000,18251.38086,18400.5,18200.75,18332.74023,79820000
37,11/7/16,41.169998,41.23,40.860001,41.049999,41.049999,5388700,5128.990234,5169.410156,5122.77002,5166.169922,1914310000,2100.590088,2132,2100.590088,2131.52002,3736060000,17994.64063,18263.30078,17994.64063,18259.59961,93450000
38,11/4/16,39.959999,40.669998,39.799999,40.279999,40.279999,4574200,5034.410156,5087.509766,5034.410156,5046.370117,2015130000,2083.790039,2099.070068,2083.790039,2085.179932,3837860000,17928.34961,17986.75977,17883.56055,17888.2793,97760000
39,11/3/16,40.619999,40.75,40.169998,40.23,40.23,7811600,5104.700195,5115.060059,5053.52002,5058.410156,2107720000,2098.800049,2102.560059,2085.22998,2088.659912,3886740000,17978.75,18006.96094,17904.07031,17930.66992,77860000
40,11/2/16,41.799999,42.16,40.360001,40.68,40.68,13017500,5147.279785,5156.700195,5097.560059,5105.569824,2105870000,2109.429932,2111.76001,2094,2097.939941,4248580000,18017.7207,18044.15039,17931.89063,17959.64063,88610000
41,11/1/16,41.130001,41.34,40.689999,41.330002,41.330002,11748900,5199.77002,5201.129883,5112.319824,5153.580078,1878650000,2128.679932,2131.449951,2097.850098,2111.719971,4532160000,18158.24023,18177.00977,17940.83984,18037.09961,101280000
42,10/31/16,42.029999,42.16,41.549999,41.549999,41.549999,3730800,5205.089844,5206.709961,5186.560059,5189.140137,1707260000,2129.780029,2133.25,2125.530029,2126.149902,3922400000,18176.59961,18193.67969,18130.58008,18142.41992,110080000
43,10/28/16,42.029999,42.220001,41.709999,41.779999,41.779999,6180200,5203.700195,5232.350098,5178.759766,5190.100098,1895970000,2132.22998,2140.719971,2119.360107,2126.409912,4019510000,18193.78906,18257.06055,18094.9707,18161.18945,107850000
44,10/27/16,42.310001,42.490002,41.810001,41.869999,41.869999,7236500,5272.189941,5274.120117,5211.75,5215.970215,1918690000,2144.060059,2147.129883,2132.52002,2133.040039,4204830000,18234.81055,18253.19922,18149.19922,18169.67969,83530000
45,10/26/16,42.259998,42.439999,41.950001,42.080002,42.080002,6117200,5256.399902,5280.850098,5237.049805,5250.27002,1725900000,2136.969971,2145.72998,2131.590088,2139.429932,3775200000,18103.80078,18236.03906,18062.30078,18199.33008,86340000
46,10/25/16,42.720001,42.75,42.43,42.549999,42.549999,5338900,5306.470215,5310.27002,5278.569824,5283.399902,1579490000,2149.719971,2151.439941,2141.929932,2143.159912,3751340000,18206.51953,18241.68945,18151.69922,18169.26953,83190000
47,10/24/16,42.5,42.68,42.380001,42.59,42.59,4346900,5290.310059,5311.5,5289.22998,5309.830078,1531970000,2148.5,2154.790039,2146.909912,2151.330078,3357320000,18197.14063,18275.03906,18191.17969,18223.0293,88540000
48,10/21/16,42.099998,42.200001,41.73,42.169998,42.169998,7194200,5238.649902,5259.129883,5225.759766,5257.399902,1649470000,2139.429932,2142.629883,2130.090088,2141.159912,3448850000,18152.63086,18168.75977,18049.76953,18145.71094,117810000
49,10/20/16,42.689999,42.689999,42.07,42.380001,42.380001,11671000,5238.200195,5252.100098,5216.049805,5241.830078,1741820000,2142.51001,2147.179932,2133.439941,2141.340088,3337170000,18161.86914,18249.05078,18129.07031,18162.34961,88830000
50,10/19/16,42.299999,42.939999,42.259998,42.73,42.73,14532500,5240.330078,5253.830078,5234.25,5246.410156,1546960000,2140.810059,2148.439941,2138.149902,2144.290039,3362670000,18178.21094,18252.19922,18169.25,18202.61914,88040000
51,10/18/16,42.040001,42.610001,41.630001,41.68,41.68,19360800,5255.319824,5264.27002,5239.439941,5243.839844,1474430000,2138.310059,2144.379883,2135.48999,2139.600098,3170000000,18145.06055,18225.80078,18129.44922,18161.93945,74600000
52,10/17/16,41.349998,41.939999,41.240002,41.790001,41.790001,8620400,5213.689941,5219.97998,5196.029785,5199.819824,1424270000,2132.949951,2135.610107,2124.429932,2126.5,2830390000,18135.84961,18162.2793,18063.01953,18086.40039,75960000
53,10/14/16,42.040001,42.25,41.41,41.439999,41.439999,7781300,5241.259766,5258.879883,5213.370117,5214.160156,1594480000,2139.679932,2149.189941,2132.97998,2132.97998,3228150000,18177.34961,18261.10938,18138.38086,18138.38086,87050000
54,10/13/16,42,42.080002,41.169998,41.619999,41.619999,15689700,5200.299805,5228.259766,5169.759766,5213.330078,1735310000,2130.26001,2138.189941,2114.719971,2132.550049,3580450000,18088.32031,18137.69922,17959.94922,18098.93945,83160000
55,10/12/16,42.599998,42.779999,42.049999,42.360001,42.360001,7290500,5247.910156,5257.180176,5228.77002,5239.02002,1565940000,2137.669922,2145.360107,2132.77002,2139.179932,2977100000,18132.63086,18193.96094,18082.08984,18144.19922,72230000
56,10/11/16,43.869999,44.080002,42.490002,42.68,42.68,9513300,5321.819824,5321.819824,5227.430176,5246.790039,1821680000,2161.350098,2161.560059,2128.840088,2136.72998,3438270000,18308.42969,18312.33008,18061.96094,18128.66016,88610000
57,10/10/16,43.360001,44.07,43.25,43.919998,43.919998,6573600,5318.459961,5340.52002,5317.72998,5328.669922,1364150000,2160.389893,2169.600098,2160.389893,2163.659912,2916550000,18282.94922,18399.96094,18282.94922,18329.03906,72110000
58,10/7/16,43.259998,43.68,43.119999,43.220001,43.220001,8502100,5314.919922,5315.649902,5266.799805,5292.399902,1646650000,2164.189941,2165.860107,2144.850098,2153.73999,3619890000,18295.34961,18319.73047,18149.34961,18240.49023,82680000
59,10/6/16,43.639999,43.82,43.369999,43.68,43.68,6293900,5306.589844,5315.72998,5281.470215,5306.850098,1654020000,2158.219971,2162.929932,2150.280029,2160.77002,3461550000,18280.41992,18288.11914,18162.9707,18268.5,78660000
60,10/5/16,43.23,43.869999,43.220001,43.709999,43.709999,6117900,5305.279785,5330.810059,5304.060059,5316.02002,1753340000,2155.149902,2163.949951,2155.149902,2159.72998,3906550000,18205.5,18315.82031,18205.5,18281.0293,76190000
61,10/4/16,43.200001,43.5,42.959999,43.18,43.18,8998400,5313.490234,5323.600098,5271.700195,5289.660156,1708990000,2163.370117,2165.459961,2144.01001,2150.48999,3750890000,18267.67969,18313.76953,18116.25977,18168.44922,79710000
62,10/3/16,42.950001,43.18,42.82,43.130001,43.130001,7965900,5300.290039,5308.600098,5281.950195,5300.870117,1604060000,2164.330078,2164.409912,2154.77002,2161.199951,3137550000,18279.59961,18279.80078,18203.75,18253.84961,68520000
63,9/30/16,42.740002,43.25,42.720001,43.099998,43.099998,10374800,5288.870117,5325.879883,5277.879883,5312,2059800000,2156.51001,2175.300049,2156.51001,2168.27002,4173340000,18181.80078,18369.61914,18181.80078,18308.15039,135470000
64,9/29/16,43.169998,43.299999,42.43,42.57,42.57,13720700,5311.310059,5317,5254.52002,5269.149902,1941170000,2168.899902,2172.669922,2145.199951,2151.129883,4249220000,18322.88086,18366.23047,18091.64063,18143.44922,95880000
65,9/28/16,43.400002,43.720001,43.25,43.689999,43.689999,7419000,5312.72998,5320.620117,5284.839844,5318.549805,1785470000,2161.850098,2172.399902,2151.790039,2171.370117,3891460000,18240.2207,18349.85938,18179.33984,18339.24023,97650000
66,9/27/16,42.43,43.41,42.32,43.369999,43.369999,8765000,5254.180176,5306.810059,5251.319824,5305.709961,1751060000,2146.040039,2161.129883,2141.550049,2159.929932,3437770000,18099.21094,18238.09961,18052.16016,18228.30078,84130000
67,9/26/16,42.380001,42.740002,41.849998,42.290001,42.290001,12745100,5275.72998,5282.27002,5254.959961,5257.490234,1669520000,2158.540039,2158.540039,2145.040039,2146.100098,3216170000,18217.75977,18217.75977,18083.32031,18094.83008,95510000
68,9/23/16,43.5,43.759998,42.540001,42.799999,42.799999,31888500,5327.430176,5329.709961,5301.629883,5305.75,1761330000,2173.290039,2173.75,2163.969971,2164.689941,3317190000,18377.35938,18383.75977,18254.83984,18261.44922,87170000
69,9/22/16,43.939999,44.869999,43.740002,44.150002,44.150002,33355600,5323.259766,5342.879883,5320.930176,5339.52002,1852100000,2170.939941,2179.98999,2170.939941,2177.179932,3552830000,18343.75977,18449.88086,18343.75977,18392.46094,73030000
70,9/21/16,42.889999,44.220001,42.889999,44.139999,44.139999,12313700,5263.649902,5299.399902,5233.939941,5295.180176,1999690000,2144.580078,2165.110107,2139.570068,2163.120117,3712090000,18164.96094,18307.42969,18121.57031,18293.69922,94090000
71,9/20/16,43.240002,43.389999,42.66,42.790001,42.790001,9788900,5256.189941,5265.180176,5235.419922,5241.350098,1695190000,2145.939941,2150.800049,2139.169922,2139.76001,3140730000,18175.35938,18227.21094,18128.80078,18129.96094,72450000
72,9/19/16,43.919998,43.950001,43,43.189999,43.189999,7887400,5263.549805,5281.069824,5222.910156,5235.029785,1791120000,2143.98999,2153.610107,2135.909912,2139.120117,3163000000,18154.82031,18254.88086,18093.05078,18120.16992,78090000
73,9/16/16,43.939999,44.02,43.470001,43.669998,43.669998,19093900,5238.709961,5248.600098,5218.970215,5244.569824,3013860000,2146.47998,2146.47998,2131.199951,2139.159912,5014360000,18217.21094,18217.21094,18070.21094,18123.80078,278510000
74,9/15/16,43.41,44.049999,43.220001,43.990002,43.990002,12533900,5178.100098,5254.779785,5176.25,5249.689941,1950940000,2125.360107,2151.310059,2122.360107,2147.26001,3373720000,18024.91016,18250.10938,18015.49023,18212.48047,99550000
75,9/14/16,42.91,43.619999,42.860001,43.459999,43.459999,11617300,5160.209961,5201.339844,5159.549805,5173.77002,1902680000,2127.860107,2141.330078,2119.899902,2125.77002,3664100000,18073.39063,18163.48047,17992.21094,18034.76953,103360000
76,9/13/16,43.189999,43.52,42.689999,43.040001,43.040001,10132000,5181.140137,5195.029785,5131.27002,5155.25,2071460000,2150.469971,2150.469971,2120.27002,2127.02002,4141670000,18262.99023,18262.99023,18028.06055,18066.75,102830000
77,9/12/16,42.279999,43.650002,42.18,43.459999,43.459999,10808800,5098.029785,5217.879883,5097.799805,5211.890137,2007610000,2120.860107,2163.300049,2119.120117,2159.040039,4010480000,18028.94922,18358.68945,17994.83984,18325.07031,103260000
78,9/9/16,43.919998,44.150002,42.82,42.919998,42.919998,12060700,5217.950195,5225.930176,5125.910156,5125.910156,2208690000,2169.080078,2169.080078,2127.810059,2127.810059,4233960000,18404.16992,18404.16992,18085.44922,18085.44922,120670000
79,9/8/16,44.07,44.720001,44.029999,44.360001,44.360001,7882600,5269.959961,5271.009766,5248.410156,5259.47998,1839790000,2182.76001,2184.939941,2177.48999,2181.300049,3727840000,18486.68945,18506.24023,18446.68945,18479.91016,79060000
80,9/7/16,44.549999,44.919998,44.189999,44.349998,44.349998,9109400,5274.22998,5287.609863,5261.919922,5283.930176,1878460000,2185.169922,2187.870117,2179.070068,2186.159912,3319420000,18527.71094,18536.89063,18474.76953,18526.14063,67570000
81,9/6/16,43.5,44.849998,43.5,44.709999,44.709999,18125800,5260,5275.910156,5244,5275.910156,1777940000,2181.610107,2186.570068,2175.100098,2186.47998,3447650000,18493.40039,18551.53906,18450.32031,18538.11914,83710000
82,9/2/16,43.27,43.599998,43.080002,43.279999,43.279999,7339000,5249.660156,5263.390137,5231.02002,5249.899902,1474200000,2177.48999,2184.870117,2173.590088,2179.97998,3091120000,18466.00977,18544.75977,18439.09961,18491.96094,74350000
83,9/1/16,42.779999,43.099998,42.720001,42.93,42.93,5575300,5218.279785,5229.939941,5189.359863,5227.209961,1592520000,2171.330078,2173.560059,2157.090088,2170.860107,3392120000,18396.57031,18430.05078,18295.48047,18419.30078,74780000
84,8/31/16,42.459999,42.799999,42.459999,42.75,42.75,7715900,5216.419922,5219.890137,5191.180176,5213.220215,1761770000,2173.560059,2173.790039,2161.350098,2170.949951,3766390000,18436.69922,18439.67969,18333.56055,18400.88086,98250000
85,8/30/16,42.279999,42.740002,42.279999,42.580002,42.580002,5804100,5229.879883,5241.620117,5205.609863,5222.990234,1561020000,2179.449951,2182.27002,2170.409912,2176.120117,3006800000,18491.2793,18514.28906,18408.51953,18454.30078,68920000
86,8/29/16,42.200001,42.459999,42.080002,42.259998,42.259998,4555600,5223.799805,5245.120117,5222.339844,5232.330078,1416640000,2170.189941,2183.47998,2170.189941,2180.379883,2654780000,18421.28906,18523.08984,18419.91992,18502.99023,64480000
87,8/26/16,42.150002,42.610001,41.939999,42.27,42.27,6328000,5219.049805,5253.390137,5191.859863,5218.919922,1591060000,2175.100098,2187.939941,2160.389893,2169.040039,3342340000,18467.91992,18572.08984,18335.33984,18395.40039,78730000
88,8/25/16,41.830002,42.240002,41.73,42.029999,42.029999,5360900,5207.609863,5230.589844,5201.640137,5212.200195,1511890000,2173.290039,2179,2169.73999,2172.469971,2969310000,18471.21094,18497.67969,18431.46094,18448.41016,64480000
89,8/24/16,42.5,42.77,41.790001,41.91,41.91,6930300,5254.419922,5262.990234,5205.640137,5217.689941,1714780000,2185.090088,2186.659912,2171.25,2175.439941,3148280000,18537.5,18539.15039,18448.26953,18481.48047,72270000
90,8/23/16,42.610001,42.91,42.450001,42.599998,42.599998,8963800,5265.779785,5275.740234,5257.899902,5260.080078,1547050000,2187.810059,2193.419922,2186.800049,2186.899902,3041490000,18568.93945,18631.59961,18545.51953,18547.30078,73990000
91,8/22/16,42.84,42.869999,42.330002,42.52,42.52,6229400,5231.459961,5252.129883,5224.629883,5244.600098,1560210000,2181.580078,2185.149902,2175.959961,2182.639893,2777550000,18535.85938,18570.91992,18466.85938,18529.41992,73450000
92,8/19/16,42.799999,43.119999,42.650002,43.02,43.02,9460800,5229.870117,5245.810059,5217.649902,5238.379883,1632740000,2184.23999,2185,2175.129883,2183.870117,3084800000,18585.16992,18585.16992,18491.24023,18552.57031,93170000
93,8/18/16,42.689999,42.970001,42.59,42.900002,42.900002,11293900,5226.450195,5243.169922,5221.839844,5240.149902,1659080000,2181.899902,2187.030029,2180.459961,2187.02002,3300570000,18566.53906,18600.82031,18533.28906,18597.69922,70740000
94,8/17/16,42.389999,42.75,42.389999,42.700001,42.700001,8571900,5228.439941,5230.089844,5197.22998,5228.660156,1747890000,2177.840088,2183.080078,2168.5,2182.219971,3388910000,18537.08984,18582.34961,18468.67969,18573.93945,71000000
95,8/16/16,42.299999,42.790001,41.950001,42.490002,42.490002,13793800,5247.959961,5248.259766,5226.779785,5227.109863,1698390000,2186.23999,2186.23999,2178.139893,2178.149902,3196400000,18614.48047,18614.85938,18550.65039,18552.01953,67570000
96,8/15/16,43.18,43.290001,42.43,42.669998,42.669998,14441800,5242.180176,5271.359863,5241.140137,5262.02002,1533170000,2186.080078,2193.810059,2186.080078,2190.149902,3078530000,18588.58984,18722.60938,18559.92969,18636.05078,62350000
97,8/12/16,41.279999,42.98,41.279999,42.939999,42.939999,25182900,5219.660156,5233.339844,5215.549805,5232.890137,1501620000,2183.73999,2186.280029,2179.419922,2184.050049,3000660000,18595.65039,18606.06055,18535.85938,18576.4707,61580000
98,8/11/16,41.119999,41.73,40.93,41.27,41.27,23938900,5222.149902,5235.290039,5211.25,5228.399902,1511670000,2177.969971,2188.449951,2177.969971,2185.790039,3423160000,18519.08008,18638.33984,18519.08008,18613.51953,71470000
99,8/10/16,39.34,39.98,39.299999,39.93,39.93,12981600,5227.950195,5227.959961,5193.799805,5204.580078,1651240000,2182.810059,2183.409912,2172,2175.48999,3254950000,18541.48047,18561.75,18468.7793,18495.66016,62780000
100,8/9/16,39.240002,39.310001,39.099998,39.240002,39.240002,5971500,5216.209961,5238.540039,5214.950195,5225.47998,1664320000,2182.23999,2187.659912,2178.610107,2181.73999,3334300000,18538.05078,18585.32031,18507.75,18533.05078,60090000
101,8/8/16,39,39.27,38.860001,39.240002,39.240002,10131300,5223.540039,5228.399902,5202.180176,5213.140137,1624450000,2183.76001,2185.439941,2177.850098,2180.889893,3327550000,18541.89063,18569.31055,18502.0293,18529.28906,71810000
102,8/5/16,39,39.150002,38.900002,38.990002,38.990002,9127100,5190.709961,5227.22998,5186.25,5221.120117,2017720000,2168.790039,2182.870117,2168.790039,2182.870117,3663070000,18402.80078,18543.5293,18402.80078,18543.5293,92420000
103,8/4/16,38.470001,39.029999,38.43,38.919998,38.919998,11000800,5158.02002,5174,5145.390137,5166.25,1930000000,2163.51001,2168.189941,2159.070068,2164.25,3709200000,18351.42969,18397.86914,18325.16992,18352.05078,64500000
104,8/3/16,38.43,38.549999,38.279999,38.389999,38.389999,5890100,5133.240234,5159.740234,5128.439941,5159.740234,1909470000,2156.810059,2163.790039,2152.560059,2163.790039,3786530000,18313.08008,18355,18283.23047,18355,78550000
105,8/2/16,38.599998,38.669998,38.259998,38.57,38.57,7504700,5177.529785,5181.02002,5109.799805,5137.72998,2142010000,2169.939941,2170.199951,2147.580078,2157.030029,3848750000,18401.15039,18403.65039,18247.78906,18313.76953,89680000
106,8/1/16,38.18,38.889999,38.099998,38.799999,38.799999,9605000,5167.419922,5199.129883,5158.930176,5184.200195,1866590000,2173.149902,2178.290039,2166.209961,2170.840088,3505990000,18434.5,18467.0293,18355.75,18404.50977,83470000
107,7/29/16,38.470001,38.52,38.080002,38.189999,38.189999,13199100,5162.149902,5175.810059,5140.049805,5162.129883,2072640000,2168.830078,2177.090088,2163.48999,2173.600098,4038840000,18442.51953,18466.55078,18371.11914,18432.24023,111550000
108,7/28/16,38.580002,38.639999,38.23,38.52,38.52,7424400,5144.819824,5160.160156,5130.75,5154.97998,1950910000,2166.050049,2172.850098,2159.73999,2170.060059,3664240000,18461.00977,18483.25977,18368.82031,18456.34961,85750000
109,7/27/16,38.66,38.77,38.43,38.66,38.66,12148400,5143.839844,5151.060059,5120.660156,5139.810059,2122250000,2169.810059,2174.97998,2159.070068,2166.580078,3995500000,18473.26953,18542.39063,18430.93945,18472.16992,111370000
110,7/26/16,38.07,38.830002,37.900002,38.759998,38.759998,15978600,5095.609863,5122.299805,5084.180176,5110.049805,2038060000,2168.969971,2173.540039,2160.179932,2169.179932,3442350000,18497.36914,18522.4707,18387.2207,18473.75,85370000
111,7/25/16,39.200001,39.209999,38.220001,38.32,38.32,41814400,5096.990234,5100.720215,5082.660156,5097.629883,1770620000,2173.709961,2173.709961,2161.949951,2168.47998,3057240000,18554.49023,18555.68945,18452.61914,18493.06055,76810000
112,7/22/16,38.900002,39.419998,38.779999,39.380001,39.380001,11325700,5078.120117,5103.52002,5064.109863,5100.160156,1639000000,2166.469971,2175.110107,2163.23999,2175.030029,3023280000,18524.15039,18571.30078,18491.58984,18570.84961,87710000
113,7/21/16,39.009998,39.25,38.720001,38.849998,38.849998,7671800,5093.970215,5102.779785,5061.109863,5073.899902,1880310000,2172.909912,2174.560059,2159.75,2165.169922,3438900000,18589.96094,18590.43945,18469.66992,18517.23047,86800000
114,7/20/16,38.360001,38.93,38.259998,38.900002,38.900002,8178000,5061.600098,5098.25,5053.919922,5089.930176,1877330000,2166.100098,2175.629883,2164.889893,2173.02002,3211860000,18582.69922,18622.00977,18555.65039,18595.0293,93230000
115,7/19/16,37.77,38.490002,37.650002,38.169998,38.169998,10394000,5038.220215,5052.240234,5028.240234,5036.370117,1694740000,2163.790039,2164.629883,2159.01001,2163.780029,2968340000,18503.11914,18562.5293,18495.10938,18559.00977,85840000
116,7/18/16,37.68,37.970001,37.5,37.950001,37.950001,16046800,5034.990234,5063.529785,5030.129883,5055.779785,1585570000,2162.040039,2168.350098,2159.629883,2166.889893,3009310000,18521.55078,18556.13086,18489.83984,18533.05078,75540000
117,7/15/16,38.16,38.189999,37.68,37.720001,37.720001,13513400,5041.189941,5044.810059,5018.52002,5029.589844,1610300000,2165.129883,2169.050049,2155.790039,2161.73999,3122600000,18508.88086,18557.42969,18471.61914,18516.55078,123690000
118,7/14/16,37.849998,38.349998,37.849998,37.959999,37.959999,10713000,5041.950195,5045.180176,5025.149902,5034.060059,1641170000,2157.879883,2168.98999,2157.879883,2163.75,3465610000,18414.30078,18537.57031,18414.30078,18506.41016,87050000
119,7/13/16,37.990002,38.009998,37.459999,37.639999,37.639999,9566100,5036.319824,5036.379883,5002.819824,5005.72998,1650820000,2153.810059,2156.449951,2146.209961,2152.429932,3502320000,18356.7793,18390.16016,18315.75977,18372.11914,80920000
120,7/12/16,38,38.330002,37.869999,37.889999,37.889999,15224000,5017.990234,5032.100098,5009.680176,5022.819824,1866280000,2139.5,2155.399902,2139.5,2152.139893,4097820000,18259.11914,18371.94922,18259.11914,18347.66992,90170000
121,7/11/16,37.439999,38.150002,37.369999,37.959999,37.959999,20342600,4976.540039,5002.5,4976.540039,4988.640137,1718450000,2131.719971,2143.159912,2131.719971,2137.159912,3253340000,18161.5293,18283.90039,18161.5293,18226.92969,80880000
122,7/8/16,37.529999,37.84,37.060001,37.740002,37.740002,8786600,4906.660156,4959,4901.27002,4956.759766,1947260000,2106.969971,2131.709961,2106.969971,2129.899902,3607500000,17971.2207,18166.76953,17971.2207,18146.74023,93460000
123,7/7/16,37.57,37.759998,37.290001,37.52,37.52,9031400,4867.470215,4889.009766,4853.680176,4876.810059,1672770000,2100.419922,2109.080078,2089.389893,2097.899902,3604550000,17924.24023,17984.94922,17816.65039,17895.88086,81570000
124,7/6/16,37.43,37.560001,37.130001,37.509998,37.509998,8328100,4799.319824,4861.049805,4786.009766,4859.160156,1876090000,2084.429932,2100.719971,2074.02002,2099.72998,3909380000,17807.4707,17926.91016,17713.44922,17918.61914,93000000
125,7/5/16,37.68,37.77,37.169998,37.5,37.5,8746700,4837.060059,4839.129883,4797.290039,4822.899902,1690340000,2095.050049,2095.050049,2080.860107,2088.550049,3658380000,17904.44922,17904.44922,17785.2793,17840.61914,103650000
126,7/1/16,37.560001,38.080002,37.43,37.990002,37.990002,10602800,4837.180176,4880.169922,4837.169922,4862.569824,1745130000,2099.340088,2108.709961,2097.899902,2102.949951,3458890000,17924.24023,18002.38086,17916.91016,17949.36914,82160000
127,6/30/16,36.889999,37.580002,36.889999,37.560001,37.560001,15209900,4793.75,4843.109863,4774.52002,4842.669922,2171180000,2073.169922,2098.939941,2070,2098.860107,4622820000,17712.75977,17930.60938,17711.80078,17929.99023,133030000
128,6/29/16,36.25,37.080002,36.25,36.860001,36.860001,10808200,4732.930176,4787.589844,4732.339844,4779.25,2116550000,2042.689941,2073.129883,2042.689941,2070.77002,4241740000,17456.01953,17704.50977,17456.01953,17694.67969,106380000
129,6/28/16,35.580002,36.139999,35.5,36.040001,36.040001,10990700,4643.930176,4692.97998,4643.930176,4691.870117,2074090000,2006.670044,2036.089966,2006.670044,2036.089966,4385810000,17190.50977,17409.7207,17190.50977,17409.7207,112190000
130,6/27/16,35.869999,36.009998,35.049999,35.220001,35.220001,14108600,4664.430176,4665.040039,4574.25,4594.439941,2659650000,2031.449951,2031.449951,1991.680054,2000.540039,5431220000,17355.21094,17355.21094,17063.08008,17140.24023,138740000
131,6/24/16,36.400002,36.950001,36.09,36.240002,36.240002,19657800,4715.790039,4798.220215,4698.419922,4707.97998,4411040000,2103.810059,2103.810059,2032.569946,2037.410034,7597449600,17946.63086,17946.63086,17356.33984,17400.75,239000000
132,6/23/16,37.639999,37.779999,37.41,37.779999,37.779999,7710900,4872.189941,4910.040039,4859.399902,4910.040039,1738570000,2092.800049,2113.320068,2092.800049,2113.320068,3297940000,17844.10938,18011.07031,17844.10938,18011.07031,98070000
133,6/22/16,37.369999,37.52,37.169998,37.360001,37.360001,6279200,4846.680176,4875.930176,4830,4833.319824,1682220000,2089.75,2099.709961,2084.360107,2085.449951,3168160000,17832.66992,17920.16016,17770.35938,17780.83008,89440000
134,6/21/16,37.369999,37.549999,37.200001,37.400002,37.400002,5574600,4845.080078,4852.189941,4826.589844,4843.759766,1698080000,2085.189941,2093.659912,2083.02002,2088.899902,3232880000,17827.33008,17877.83984,17799.80078,17829.73047,85130000
135,6/20/16,37.27,37.68,37.240002,37.290001,37.290001,8957300,4856.689941,4882.149902,4834.509766,4837.209961,1779560000,2075.580078,2100.659912,2075.580078,2083.25,3467440000,17736.86914,17946.35938,17736.86914,17804.86914,99380000
136,6/17/16,37.43,37.439999,36.810001,36.939999,36.939999,12593900,4835.02002,4835.02002,4792.339844,4800.339844,2638220000,2078.199951,2078.199951,2062.840088,2071.219971,4952630000,17733.43945,17733.43945,17602.7793,17675.16016,248680000
137,6/16/16,37.389999,37.450001,36.540001,37.389999,37.389999,10634000,4809.689941,4847.859863,4778.779785,4844.919922,1851770000,2066.360107,2079.620117,2050.370117,2077.98999,3628280000,17602.23047,17754.91016,17471.28906,17733.09961,91950000
138,6/15/16,37.43,37.599998,37.099998,37.32,37.32,10213200,4855.080078,4868.160156,4830.330078,4834.930176,1802200000,2077.600098,2085.649902,2069.800049,2071.5,3544720000,17703.65039,17762.96094,17629.00977,17640.16992,94130000
139,6/14/16,36.630001,37.439999,36.630001,37.400002,37.400002,13023100,4836.669922,4863.009766,4811.930176,4843.549805,1919710000,2076.649902,2081.300049,2064.100098,2075.320068,3759770000,17710.76953,17733.91992,17595.78906,17674.82031,93740000
140,6/13/16,36.700001,36.91,36.419998,36.470001,36.470001,6519800,4868.509766,4894.850098,4844.939941,4848.439941,1888300000,2091.75,2098.120117,2078.459961,2079.060059,3392030000,17830.5,17893.2793,17731.34961,17732.48047,101690000
141,6/10/16,36.970001,37.139999,36.59,36.830002,36.830002,11216500,4915.149902,4917.919922,4880.609863,4894.549805,1822200000,2109.570068,2109.570068,2089.959961,2096.070068,3515010000,17938.82031,17938.82031,17812.33984,17865.33984,90540000
142,6/9/16,36.82,37.73,36.709999,37.349998,37.349998,14759100,4954.149902,4965.490234,4940.549805,4958.620117,1632340000,2115.649902,2117.639893,2107.72998,2115.47998,3290320000,17969.98047,18005.2207,17915.88086,17985.18945,69690000
143,6/8/16,36.84,37.299999,36.84,36.970001,36.970001,9181900,4970.009766,4979.660156,4956.790039,4974.640137,1692640000,2112.709961,2120.550049,2112.709961,2119.120117,3562060000,17931.91016,18016,17931.91016,18005.05078,71260000
144,6/7/16,36.900002,36.990002,36.630001,36.73,36.73,14757100,4972.129883,4979.379883,4960.279785,4961.75,1747760000,2110.179932,2119.219971,2110.179932,2112.129883,3534730000,17936.2207,18003.23047,17936.2207,17938.2793,78750000
145,6/6/16,36.669998,37.200001,36.52,37.07,37.07,8426100,4950.459961,4980.140137,4944.870117,4968.709961,1663840000,2100.830078,2113.360107,2100.830078,2109.409912,3442020000,17825.68945,17949.67969,17822.81055,17920.33008,71870000
146,6/3/16,37.110001,37.110001,36.5,36.599998,36.599998,12059100,4958.100098,4958.649902,4909.209961,4942.52002,1697840000,2104.070068,2104.070068,2085.360107,2099.129883,3627780000,17799.80078,17833.16992,17689.67969,17807.06055,82270000
147,6/2/16,36.66,37.220001,36.580002,37.150002,37.150002,12179300,4941.25,4971.359863,4924.22998,4971.359863,1729050000,2097.709961,2105.26001,2088.590088,2105.26001,3632720000,17789.05078,17838.56055,17703.55078,17838.56055,75560000
148,6/1/16,37.25,37.740002,36.560001,36.650002,36.650002,22177600,4928.970215,4958.97998,4923.200195,4952.25,1797090000,2093.939941,2100.969971,2085.100098,2099.330078,3525170000,17754.55078,17809.17969,17664.78906,17789.66992,78530000
149,5/31/16,37.73,38.080002,37.5,37.939999,37.939999,12873600,4938.47998,4951.450195,4923.029785,4948.049805,2285350000,2100.129883,2103.47998,2088.659912,2096.949951,4514410000,17891.5,17899.24023,17724.0293,17787.19922,147390000
150,5/27/16,36.880001,37.880001,36.84,37.82,37.82,14642500,4904.049805,4933.5,4902.5,4933.5,1505020000,2090.060059,2099.060059,2090.060059,2099.060059,3079150000,17826.84961,17873.2207,17824.73047,17873.2207,73190000
151,5/26/16,36.130001,36.849998,36.07,36.759998,36.759998,16285700,4897.779785,4909.379883,4887.27002,4901.77002,1606250000,2091.439941,2094.300049,2087.080078,2090.100098,3230990000,17859.51953,17888.66016,17803.82031,17828.28906,68940000
152,5/25/16,36.630001,36.959999,35.470001,35.59,35.59,33984900,4877.180176,4905.450195,4872.419922,4894.890137,1784420000,2078.929932,2094.72998,2078.929932,2090.540039,3859160000,17735.08984,17891.71094,17735.08984,17851.50977,79180000
153,5/24/16,36.849998,37.630001,36.77,37.529999,37.529999,10623800,4792.850098,4865.990234,4792.629883,4861.060059,1942280000,2052.649902,2079.669922,2052.649902,2076.060059,3627340000,17525.18945,17742.58984,17525.18945,17706.05078,86480000
154,5/23/16,36.459999,36.950001,36.43,36.66,36.66,7785800,4771.569824,4792.640137,4763.910156,4765.779785,1865110000,2052.22998,2055.580078,2047.26001,2048.040039,3055480000,17507.03906,17550.69922,17480.05078,17492.92969,87790000
155,5/20/16,36.049999,36.720001,35.880001,36.5,36.5,34330700,4729.439941,4781.700195,4729,4769.560059,1970520000,2041.880005,2058.350098,2041.880005,2052.320068,3507650000,17437.32031,17571.75,17437.32031,17500.93945,111990000
156,5/19/16,36.939999,37.23,36.669998,37.02,37.02,7127500,4717.359863,4735.27002,4678.379883,4712.529785,1805890000,2044.209961,2044.209961,2025.910034,2040.040039,3846770000,17514.16016,17514.16016,17331.07031,17435.40039,95530000
157,5/18/16,37.09,37.5,36.889999,37.240002,37.240002,8465900,4705.779785,4762.279785,4704.490234,4739.120117,1934100000,2044.380005,2060.610107,2034.48999,2047.630005,4101320000,17501.2793,17636.2207,17418.21094,17526.61914,79120000
158,5/17/16,37.439999,37.700001,37.25,37.27,37.27,11340300,4768.850098,4776.149902,4703.390137,4715.72998,1925230000,2065.040039,2065.689941,2040.819946,2047.209961,4108960000,17701.46094,17701.46094,17469.91992,17529.98047,103260000
159,5/16/16,37.029999,37.790001,36.880001,37.48,37.48,16995100,4728.859863,4791.25,4724.72998,4775.459961,1741510000,2046.530029,2071.879883,2046.530029,2066.659912,3501360000,17531.75977,17755.80078,17531.75977,17710.71094,88440000
160,5/13/16,36.91,37.07,36.380001,36.48,36.48,11073200,4731.069824,4759.290039,4708.259766,4717.680176,1698030000,2062.5,2066.790039,2043.130005,2046.609985,3579880000,17711.11914,17734.74023,17512.48047,17535.32031,86640000
161,5/12/16,37.389999,37.509998,36.790001,37.029999,37.029999,11170900,4778.189941,4779.459961,4710.169922,4737.330078,1930450000,2067.169922,2073.98999,2053.129883,2064.110107,3782390000,17711.11914,17798.18945,17625.38086,17720.5,88560000
162,5/11/16,37.279999,37.630001,37.200001,37.369999,37.369999,10010800,4799.299805,4812.189941,4760.359863,4760.689941,1859110000,2083.290039,2083.290039,2064.459961,2064.459961,3821980000,17919.0293,17919.0293,17711.05078,17711.11914,87390000
163,5/10/16,37.169998,37.580002,37.139999,37.439999,37.439999,7178500,4768.910156,4811.299805,4758.200195,4809.879883,1760120000,2062.629883,2084.870117,2062.629883,2084.389893,3600200000,17726.66016,17934.60938,17726.66016,17928.34961,75790000
164,5/9/16,36.970001,37.349998,36.919998,37.18,37.18,6157400,4736.350098,4771.939941,4735.060059,4750.209961,1625100000,2057.550049,2064.149902,2054.310059,2058.689941,3788620000,17743.84961,17783.16016,17668.38086,17705.91016,85590000
165,5/6/16,36.549999,37.310001,36.490002,37.23,37.23,9208300,4695.899902,4736.160156,4684.279785,4736.160156,1860800000,2047.77002,2057.719971,2039.449951,2057.139893,3796350000,17650.30078,17744.53906,17580.38086,17740.63086,80020000
166,5/5/16,37.060001,37.450001,36.860001,36.939999,36.939999,13718900,4742.419922,4744.549805,4709.75,4717.089844,1888350000,2052.949951,2060.22998,2045.77002,2050.629883,4008530000,17664.48047,17736.10938,17615.82031,17660.71094,81530000
167,5/4/16,35.810001,36.09,35.740002,36,36,9668700,4735.279785,4751.640137,4713.910156,4725.640137,1950800000,2060.300049,2060.300049,2045.550049,2051.120117,4058560000,17735.01953,17738.06055,17609.00977,17651.25977,95020000
168,5/3/16,36.25,36.41,35.91,36.009998,36.009998,9088800,4780.879883,4791.430176,4749.709961,4763.220215,1984340000,2077.179932,2077.179932,2054.889893,2063.370117,4173390000,17870.75,17870.75,17670.88086,17750.91016,97060000
169,5/2/16,36.650002,36.740002,36.32,36.529999,36.529999,6585500,4786.549805,4821.569824,4768.279785,4817.589844,1880460000,2067.169922,2083.419922,2066.110107,2081.429932,3841110000,17783.7793,17912.34961,17773.71094,17891.16016,80100000
170,4/29/16,36.509998,36.98,36.150002,36.599998,36.599998,12006800,4805.790039,4807.890137,4740.839844,4775.359863,2376460000,2071.820068,2073.850098,2052.280029,2065.300049,4704720000,17813.08984,17814.83008,17651.98047,17773.64063,136670000
171,4/28/16,36.84,37.439999,36.509998,36.59,36.59,13175900,4857.600098,4889.160156,4796.319824,4805.290039,2161400000,2090.929932,2099.300049,2071.620117,2075.810059,4309840000,18023.88086,18035.73047,17796.55078,17830.75977,100920000
172,4/27/16,37.52,37.59,36.630001,36.950001,36.950001,16401800,4855.379883,4872.910156,4826.379883,4863.140137,1938780000,2092.330078,2099.889893,2082.310059,2095.149902,4100110000,17996.14063,18084.66016,17920.25977,18041.55078,109090000
173,4/26/16,37.32,37.540001,36.91,37.110001,37.110001,10083100,4903.810059,4915,4875.419922,4888.279785,1825020000,2089.840088,2096.870117,2085.800049,2091.699951,3557190000,17987.38086,18043.76953,17934.16992,17990.32031,92570000
174,4/25/16,37.470001,37.540001,37.18,37.23,37.23,9832100,4891.47998,4904.870117,4878.370117,4895.790039,1582270000,2089.370117,2089.370117,2077.52002,2087.790039,3319740000,17990.93945,17990.93945,17855.55078,17977.24023,83770000
175,4/22/16,37.5,38.09,37.16,37.48,37.48,9106700,4898.240234,4921.660156,4872.02002,4906.22998,2018930000,2091.48999,2094.320068,2081.199951,2091.580078,3790580000,17985.05078,18026.84961,17909.89063,18003.75,134120000
176,4/21/16,37.919998,38.119999,37.349998,37.669998,37.669998,11658700,4949.120117,4966.609863,4932.640137,4945.890137,1758190000,2102.090088,2103.780029,2088.52002,2091.47998,4175290000,18092.83984,18107.28906,17963.89063,17982.51953,102720000
177,4/20/16,37.099998,38.189999,37,37.84,37.84,30761900,4941.990234,4969.319824,4928.290039,4948.129883,1781340000,2101.52002,2111.050049,2096.320068,2102.399902,4184880000,18059.49023,18167.63086,18031.21094,18096.26953,100210000
178,4/19/16,36.459999,36.73,36.110001,36.330002,36.330002,20460600,4968.299805,4968.669922,4915.52002,4940.330078,1824250000,2096.050049,2104.050049,2091.679932,2100.800049,3896830000,18012.09961,18103.46094,17984.42969,18053.59961,89820000
179,4/18/16,36.240002,37,35.880001,36.52,36.52,17723000,4919.359863,4960.790039,4915.629883,4960.02002,1672260000,2078.830078,2094.659912,2073.649902,2094.340088,3316880000,17890.19922,18009.5293,17848.2207,18004.16016,89390000
180,4/15/16,37.130001,37.150002,36.419998,36.509998,36.509998,19046900,4938.830078,4950.430176,4925.459961,4938.220215,1684790000,2083.100098,2083.219971,2076.310059,2080.72998,3701450000,17925.94922,17937.65039,17867.41016,17897.46094,118160000
181,4/14/16,37.470001,37.5,36.849998,37.169998,37.169998,16620000,4947.620117,4961.299805,4931.810059,4945.890137,1645810000,2082.889893,2087.840088,2078.129883,2082.780029,3765870000,17912.25,17962.14063,17885.43945,17926.42969,84510000
182,4/13/16,36.939999,37.349998,36.900002,37.310001,37.310001,17166400,4904.790039,4951.910156,4903.600098,4947.419922,1936450000,2065.919922,2083.179932,2065.919922,2082.419922,4191830000,17741.66016,17918.34961,17741.66016,17908.2793,91710000
183,4/12/16,36.650002,36.830002,36.279999,36.66,36.66,10447800,4838.819824,4879.600098,4808.910156,4872.089844,1759280000,2043.719971,2065.050049,2039.73999,2061.719971,4239740000,17571.33984,17744.42969,17553.57031,17721.25,81020000
184,4/11/16,36.380001,36.849998,36.32,36.48,36.48,13750800,4873.390137,4897.549805,4833.399902,4833.399902,1545540000,2050.22998,2062.929932,2041.880005,2041.98999,3567840000,17586.48047,17731.63086,17555.90039,17556.41016,107100000
185,4/8/16,36.849998,36.919998,35.619999,36.07,36.07,20273400,4883.990234,4892.600098,4835.359863,4850.689941,1588830000,2045.540039,2060.629883,2041.689941,2047.599976,3359530000,17555.39063,17694.50977,17528.16016,17576.96094,79990000
186,4/7/16,35.860001,37.25,35.720001,36.169998,36.169998,38789100,4893.569824,4901.490234,4831.490234,4848.370117,1908940000,2063.01001,2063.01001,2033.800049,2041.910034,3801250000,17687.2793,17687.2793,17484.23047,17541.96094,90120000
187,4/6/16,36.400002,37,36.310001,36.66,36.66,19445000,4849.580078,4921.509766,4849.279785,4920.720215,1761770000,2045.560059,2067.330078,2043.089966,2066.659912,3750800000,17605.44922,17723.55078,17542.53906,17716.05078,99410000
188,4/5/16,36.700001,36.919998,36.220001,36.41,36.41,12443000,4855.899902,4872.700195,4838.620117,4843.930176,1726010000,2062.5,2062.5,2042.560059,2045.170044,4154920000,17718.0293,17718.0293,17579.56055,17603.32031,115230000
189,4/4/16,36.549999,37.5,36.540001,37.02,37.02,20227300,4911.209961,4917.75,4885.169922,4891.799805,1705730000,2073.189941,2074.02002,2062.570068,2066.129883,3485710000,17799.39063,17806.38086,17710.66992,17737,85230000
190,4/1/16,36.540001,36.880001,36.310001,36.48,36.48,13656200,4842.549805,4917.089844,4832.060059,4914.540039,1812250000,2056.620117,2075.070068,2043.97998,2072.780029,3749990000,17661.74023,17811.48047,17568.01953,17792.75,104890000
191,3/31/16,36.509998,37.02,36.5,36.810001,36.810001,18679000,4869.569824,4891.299805,4864.410156,4869.850098,1774270000,2063.77002,2067.919922,2057.459961,2059.73999,3715280000,17716.05078,17755.69922,17669.7207,17685.08984,102600000
192,3/30/16,36.610001,37.279999,36.439999,36.560001,36.560001,19849800,4875.459961,4899.140137,4859.350098,4869.290039,1717820000,2058.27002,2072.209961,2058.27002,2063.949951,3590310000,17652.35938,17790.10938,17652.35938,17716.66016,79330000
193,3/29/16,35.049999,36.43,35.009998,36.32,36.32,23603400,4756.549805,4849.310059,4749.779785,4846.620117,1806490000,2035.75,2055.909912,2028.310059,2055.01001,3822330000,17512.58008,17642.81055,17434.26953,17633.10938,86160000
194,3/28/16,35.389999,35.450001,34.619999,35.23,35.23,12981000,4785.25,4787.390137,4760.009766,4766.790039,1381000000,2037.890015,2042.670044,2031.959961,2037.050049,2809090000,17526.08008,17583.81055,17493.0293,17535.39063,70460000
195,3/24/16,34.450001,34.869999,33.93,34.860001,34.860001,14118600,4743.359863,4773.5,4734.77002,4773.5,1590990000,2032.47998,2036.040039,2022.48999,2035.939941,3407720000,17485.33008,17517.14063,17399.00977,17515.73047,84100000
196,3/23/16,35.43,35.700001,34.709999,34.799999,34.799999,12217700,4813.870117,4816.669922,4765.370117,4768.859863,1732630000,2048.550049,2048.550049,2034.859985,2036.709961,3639510000,17588.81055,17588.81055,17486.26953,17502.58984,84240000
197,3/22/16,34.68,35.610001,34.68,35.41,35.41,11613900,4783.600098,4835.600098,4781.709961,4821.660156,1596200000,2048.639893,2056.600098,2040.569946,2049.800049,3418460000,17602.71094,17648.93945,17540.41992,17582.57031,95450000
198,3/21/16,35,36.099998,35,35.470001,35.470001,13551300,4787.310059,4814.850098,4785.379883,4808.870117,1609230000,2047.880005,2053.909912,2043.140015,2051.600098,3376600000,17589.69922,17644.9707,17551.2793,17623.86914,84410000
199,3/18/16,34.540001,35.209999,34.380001,35.169998,35.169998,20552600,4784.629883,4804.580078,4772.410156,4795.649902,2829040000,2041.160034,2052.360107,2041.160034,2049.580078,6503140000,17481.49023,17620.58008,17481.49023,17602.30078,321230000
200,3/17/16,33.880001,34.549999,33.869999,34.279999,34.279999,9335700,4752.620117,4788.089844,4737.970215,4774.990234,1907190000,2026.900024,2046.23999,2022.160034,2040.589966,4530480000,17321.38086,17529.00977,17297.65039,17481.49023,117990000
201,3/16/16,33.029999,34.080002,33,34.009998,34.009998,11002500,4717.879883,4774.779785,4716.450195,4763.970215,1781060000,2014.23999,2032.02002,2010.040039,2027.219971,4057020000,17249.33984,17379.17969,17204.07031,17325.75977,118710000
202,3/15/16,33.32,33.459999,33.110001,33.259998,33.259998,10672300,4731.140137,4735.27002,4712.069824,4728.669922,1692420000,2015.27002,2015.939941,2005.22998,2015.930054,3560280000,17217.15039,17251.69922,17120.34961,17251.5293,92830000
203,3/14/16,33.75,34.09,33.509998,33.580002,33.580002,8252700,4733.390137,4762.27002,4731.509766,4750.279785,1615100000,2019.27002,2024.569946,2012.050049,2019.640015,3487850000,17207.49023,17275.07031,17161.16016,17229.13086,96350000
204,3/11/16,33.290001,33.860001,32.84,33.810001,33.810001,12380800,4712.379883,4748.790039,4700.910156,4748.470215,1801790000,1994.709961,2022.369995,1994.709961,2022.189941,4078620000,17014.99023,17220.08984,17014.99023,17213.31055,123420000
205,3/10/16,33.59,33.599998,32.09,32.82,32.82,19452000,4691.200195,4716.140137,4607.990234,4662.160156,1936470000,1990.969971,2005.079956,1969.25,1989.569946,4376790000,17006.05078,17130.10938,16821.85938,16995.13086,117570000
206,3/9/16,33.09,33.52,32.779999,33.509998,33.509998,12653200,4666.419922,4676.470215,4642.419922,4674.379883,1789550000,1981.439941,1992.689941,1979.839966,1989.26001,4038120000,16969.16992,17048.5,16947.93945,17000.35938,116690000
207,3/8/16,33.66,33.82,32.84,32.93,32.93,21043800,4676.220215,4695.040039,4642.859863,4648.819824,1993060000,1996.880005,1996.880005,1977.430054,1979.26001,4641650000,17050.66992,17072.78906,16921.50977,16964.09961,108380000
208,3/7/16,33.68,34.380001,33.59,33.959999,33.959999,22924000,4690.879883,4731.189941,4674.819824,4708.25,2084390000,1996.109985,2006.119995,1989.380005,2001.76001,4968180000,16991.28906,17099.25,16940.48047,17073.94922,100290000
209,3/4/16,32.91,33.93,32.759998,33.860001,33.860001,22946600,4715.759766,4746.649902,4687.939941,4717.02002,2171230000,1994.01001,2009.130005,1986.77002,1999.98999,6049930000,16945,17062.38086,16898.83984,17006.76953,106910000
210,3/3/16,32.709999,33.209999,32.419998,32.880001,32.880001,11361400,4698.379883,4707.720215,4674.459961,4707.419922,1936290000,1985.599976,1993.689941,1977.369995,1993.400024,5081700000,16896.16992,16944.31055,16820.73047,16943.90039,91110000
211,3/2/16,32.810001,33.240002,32.77,32.91,32.91,10462200,4683.799805,4703.580078,4665.930176,4703.419922,1912510000,1976.599976,1986.51001,1968.800049,1986.449951,4666610000,16851.16992,16900.16992,16766.32031,16899.32031,104470000
212,3/1/16,32.040001,32.849998,32.040001,32.799999,32.799999,14850900,4596.009766,4689.600098,4581.75,4689.600098,2080150000,1937.089966,1978.349976,1937.089966,1978.349976,4819750000,16545.66992,16865.56055,16545.66992,16865.08008,105050000
213,2/29/16,31.309999,32.459999,31.309999,31.790001,31.790001,21168500,4585.299805,4619.899902,4557.459961,4557.950195,2065260000,1947.130005,1958.27002,1931.810059,1932.22998,4588180000,16634.15039,16726.11914,16510.40039,16516.5,126220000
214,2/26/16,31.68,31.9,31.219999,31.370001,31.370001,16683500,4615.140137,4618.850098,4580.779785,4590.470215,1814920000,1954.949951,1962.959961,1945.780029,1948.050049,4348510000,16712.69922,16795.98047,16623.91016,16639.9707,98480000
215,2/25/16,30.74,31.360001,30.24,31.360001,31.360001,19907400,4554.72998,4582.200195,4516.890137,4582.200195,1667840000,1931.869995,1951.829956,1925.410034,1951.699951,4118210000,16504.38086,16697.98047,16458.41992,16697.28906,94120000
216,2/24/16,30.41,31.120001,29.799999,30.950001,30.950001,12613500,4453.930176,4547.640137,4425.720215,4542.609863,1978180000,1917.560059,1932.079956,1891,1929.800049,4317250000,16418.83984,16507.39063,16165.86035,16484.99023,93620000
217,2/23/16,31.200001,31.379999,30.51,30.67,30.67,17072300,4550.049805,4558.060059,4500.939941,4503.580078,1777750000,1942.380005,1942.380005,1919.439941,1921.27002,3890650000,16610.39063,16610.39063,16403.5293,16431.7793,98170000
218,2/22/16,30.65,31.209999,30.389999,31.17,31.17,21465100,4548.310059,4576.470215,4546.549805,4570.609863,1794020000,1924.439941,1946.699951,1924.439941,1945.5,4054710000,16417.13086,16664.24023,16417.13086,16620.66016,102240000
219,2/19/16,30.190001,30.23,29.700001,30.040001,30.040001,20735000,4464.669922,4513.149902,4455.100098,4504.430176,1903770000,1916.73999,1918.780029,1902.170044,1917.780029,4142850000,16410.96094,16410.96094,16278,16391.99023,134340000
220,2/18/16,29.559999,30.139999,29.389999,29.42,29.42,15319400,4548.100098,4548.470215,4482.77002,4487.540039,1955870000,1927.569946,1930,1915.089966,1917.829956,4436490000,16483.75977,16511.83984,16390.42969,16413.42969,104950000
221,2/17/16,29.469999,29.66,29.059999,29.370001,29.370001,12949700,4471.660156,4540.779785,4463.509766,4534.060059,2296440000,1898.800049,1930.680054,1898.800049,1926.819946,5011540000,16217.98047,16486.11914,16217.98047,16453.83008,124080000
222,2/16/16,27.98,29.440001,27.940001,29.280001,29.280001,20187900,4397.950195,4435.959961,4376.52002,4435.959961,2117920000,1871.439941,1895.77002,1871.439941,1895.579956,4570670000,16012.38965,16196.41016,16012.38965,16196.41016,142030000
223,2/12/16,27.120001,27.32,26.719999,27.040001,27.040001,13011900,4307.290039,4340.129883,4274.149902,4337.509766,1983190000,1833.400024,1864.780029,1833.400024,1864.780029,4696920000,15691.62012,15974.04004,15691.62012,15973.83984,132550000
224,2/11/16,26.459999,26.969999,26.15,26.76,26.76,11188200,4218.810059,4293.220215,4209.759766,4266.839844,2812330000,1847,1847,1810.099976,1829.079956,5500800000,15897.82031,15897.82031,15503.00977,15660.17969,172070000
225,2/10/16,27.110001,27.809999,26.84,27.1,27.1,9098800,4318.279785,4369.620117,4280.72998,4283.589844,2448380000,1857.099976,1881.599976,1850.319946,1851.859985,4471170000,16035.61035,16201.88965,15899.91016,15914.74023,122290000
226,2/9/16,26.639999,27.690001,26.51,26.82,26.82,14324800,4224.870117,4329.609863,4222.47998,4268.759766,2465790000,1848.459961,1868.25,1834.939941,1852.209961,5183220000,16005.41016,16136.62012,15881.11035,16014.37988,127740000
227,2/8/16,27.610001,27.969999,26.48,27.049999,27.049999,24498200,4288.02002,4301.529785,4212.810059,4283.75,2702070000,1873.25,1873.25,1828.459961,1853.439941,5636460000,16147.50977,16147.50977,15803.54981,16027.04981,165880000
228,2/5/16,29.059999,29.139999,27.73,27.969999,27.969999,16379600,4491.47998,4493.189941,4350.370117,4363.140137,2489280000,1913.069946,1913.069946,1872.650024,1880.050049,4929940000,16417.94922,16423.63086,16129.80957,16204.96973,139010000
229,2/4/16,27.91,29.23,27.709999,29.15,29.15,28548200,4492.47998,4545.52002,4463.990234,4509.560059,2200930000,1911.670044,1927.349976,1900.52002,1915.449951,5193320000,16329.66992,16485.83984,16266.16016,16416.58008,131490000
230,2/3/16,28.450001,28.610001,26.57,27.68,27.68,55707000,4543.819824,4547.319824,4424.470215,4504.240234,2466190000,1907.069946,1918.01001,1872.22998,1912.530029,5172950000,16186.2002,16381.69043,15960.4502,16336.66016,141870000
231,2/2/16,29.32,30.23,28.129999,29.059999,29.059999,36544700,4588.689941,4589.899902,4503.120117,4516.950195,2185180000,1935.26001,1935.26001,1897.290039,1903.030029,4463190000,16420.21094,16420.21094,16108.44043,16153.54004,126210000
232,2/1/16,29.27,29.790001,28.790001,29.57,29.57,12905700,4587.589844,4636.930176,4565.370117,4620.370117,1983340000,1936.939941,1947.199951,1920.300049,1939.380005,4322530000,16453.63086,16510.98047,16299.46973,16449.17969,114450000
233,1/29/16,29.1,29.51,28.51,29.51,29.51,18979500,4512.089844,4613.950195,4511.299805,4613.950195,2617550000,1894,1940.23999,1894,1940.23999,5497570000,16090.25977,16466.30078,16090.25977,16466.30078,217940000
234,1/28/16,30.59,30.629999,28.6,28.75,28.75,15589300,4533.810059,4533.810059,4447.5,4506.680176,2322310000,1885.219971,1902.959961,1873.650024,1893.359985,4693010000,15960.28027,16102.13965,15863.71973,16069.63965,130120000
235,1/27/16,29.9,30.530001,29.450001,29.690001,29.690001,13534600,4548.870117,4568.850098,4450.830078,4468.169922,2115710000,1902.52002,1916.98999,1872.699951,1882.949951,4754040000,16168.74023,16235.03027,15878.29981,15944.45996,138350000
236,1/26/16,29.76,30.190001,29.620001,29.98,29.98,11426200,4537.040039,4583.209961,4503.529785,4567.669922,1981180000,1878.790039,1906.72998,1878.790039,1903.630005,4357940000,15893.16016,16185.79004,15893.16016,16167.23047,118210000
237,1/25/16,29.959999,30.389999,29.66,29.780001,29.780001,23176900,4574.589844,4590.439941,4514.779785,4518.490234,2028880000,1906.280029,1906.280029,1875.969971,1877.079956,4401380000,16086.45996,16086.45996,15880.15039,15885.21973,123250000
238,1/22/16,29.969999,30.52,29.309999,29.75,29.75,16298100,4557.390137,4591.180176,4540.27002,4591.180176,2153340000,1877.400024,1908.849976,1877.400024,1906.900024,4901760000,15921.09961,16136.79004,15921.09961,16093.50977,145850000
239,1/21/16,28.75,29.799999,28.190001,29.309999,29.309999,16282500,4480.700195,4537.149902,4432.02002,4472.060059,2447750000,1861.459961,1889.849976,1848.97998,1868.98999,5078810000,15768.87012,16038.58984,15704.66016,15882.67969,145140000
240,1/20/16,28.98,29.110001,27.440001,28.780001,28.780001,20458900,4405.220215,4514.919922,4313.390137,4471.689941,3204130000,1876.180054,1876.180054,1812.290039,1859.329956,6416070000,15989.4502,15989.4502,15450.55957,15766.74023,191870000
241,1/19/16,29.84,30,29.309999,29.74,29.74,20053000,4548.049805,4550.569824,4430.77002,4476.950195,2394550000,1888.660034,1901.439941,1864.599976,1881.329956,4928350000,16009.4502,16171.95996,15900.25,16016.01953,144360000
242,1/15/16,29.280001,29.77,28.59,29.139999,29.139999,17352000,4464.370117,4520.450195,4419.410156,4488.419922,2818630000,1916.680054,1916.680054,1857.829956,1880.329956,5468460000,16354.33008,16354.33008,15842.11035,15988.08008,239210000
243,1/14/16,29.690001,30.57,28.709999,30.32,30.32,15031400,4545.370117,4650.549805,4470.589844,4615,2565560000,1891.680054,1934.469971,1878.930054,1921.839966,5241110000,16159.00977,16482.05078,16075.12012,16379.04981,158830000
244,1/13/16,30.889999,31.17,29.33,29.440001,29.440001,16692400,4706.02002,4713.97998,4517.560059,4526.060059,2533200000,1940.339966,1950.329956,1886.410034,1890.280029,5087030000,16526.63086,16593.50977,16123.2002,16151.41016,153530000
245,1/12/16,30.58,30.969999,30.209999,30.690001,30.690001,13198500,4681.540039,4714.799805,4618.029785,4685.919922,2147470000,1927.829956,1947.380005,1914.349976,1938.680054,4887260000,16419.10938,16591.34961,16322.07031,16516.2207,117480000
246,1/11/16,30.65,30.75,29.74,30.17,30.17,17140100,4673.439941,4683.02002,4573.779785,4637.990234,2391110000,1926.119995,1935.650024,1901.099976,1923.670044,4607290000,16358.70996,16461.84961,16232.03027,16398.57031,127790000
247,1/8/16,30.51,31.540001,30,30.629999,30.629999,26322800,4722.02002,4742.569824,4637.850098,4643.629883,2288750000,1945.969971,1960.400024,1918.459961,1922.030029,4664940000,16519.16992,16651.89063,16314.57031,16346.4502,141850000
248,1/7/16,30.969999,31.190001,30.02,30.16,30.16,21209100,4736.399902,4788.02002,4688.169922,4689.430176,2552590000,1985.319946,1985.319946,1938.829956,1943.089966,5076590000,16888.35938,16888.35938,16463.63086,16514.09961,176240000
249,1/6/16,31.67,32.459999,31.6,32.16,32.16,16047800,4813.759766,4866.040039,4804.689941,4835.759766,2168620000,2011.709961,2011.709961,1979.050049,1990.26001,4336660000,17154.83008,17154.83008,16817.61914,16906.50977,120250000
250,1/5/16,31.549999,32.330002,31.530001,32.200001,32.200001,14301100,4917.839844,4926.72998,4872.740234,4891.430176,1927380000,2013.780029,2021.939941,2004.170044,2016.709961,3706620000,17147.5,17195.83984,17038.60938,17158.66016,105750000
251,1/4/16,32.119999,32.349998,31.139999,31.4,31.4,25194400,4897.649902,4903.089844,4846.97998,4903.089844,2218420000,2038.199951,2038.199951,1989.680054,2012.660034,4304880000,17405.48047,17405.48047,16957.63086,17148.93945,148060000